<?xml version="1.0" encoding="utf-8"?>
<!--
  ~ @package   admintools
  ~ @copyright Copyright (c)2010-2020 Nicholas K. Dionysopoulos / Akeeba Ltd
  ~ @license   GNU General Public License version 3, or later
  -->

<extension version="3.8.0" type="package" method="upgrade">
    <name>Admin Tools package</name>
    <author>Nicholas K. Dionysopoulos</author>
    <creationDate>2020-03-20</creationDate>
    <packagename>admintools</packagename>
    <version>5.6.0</version>
    <url>https://www.akeebabackup.com</url>
    <packager>Akeeba Ltd</packager>
    <packagerurl>https://www.akeebabackup.com</packagerurl>
    <copyright>Copyright (c)2010-2019 Akeeba Ltd / Nicholas K. Dionysopoulos</copyright>
    <license>GNU GPL v3 or later</license>
    <description>Admin Tools Core installation package v.5.6.0</description>

    <!-- List of extensions to install -->
    <files>
        <!-- Component -->
        <file type="component" id="com_admintools">com_admintools-core.zip</file>

        <!-- Plugins: system -->
        <file type="plugin" group="system" id="admintools">plg_system_admintools-core.zip</file>

        <!-- Plugins: actionlog -->
        <file type="plugin" group="actionlog" id="admintools">plg_actionlog_admintools.zip</file>
    </files>

    <!-- Installation script -->
    <scriptfile>script.admintools.php</scriptfile>

    <!-- Update servers -->
    <updateservers>
        <server type="extension" priority="1" name="Admin Tools Core">https://cdn.akeebabackup.com/updates/pkgadmintoolscore.xml</server>
    </updateservers>
</extension>
