<?xml version="1.0" encoding="utf-8"?>
<!--
  ~ @package   admintools
  ~ @copyright Copyright (c)2010-2020 Nicholas K. Dionysopoulos / Akeeba Ltd
  ~ @license   GNU General Public License version 3, or later
  -->

<extension version="2.5.0" type="plugin" group="system" method="upgrade">
	<name>PLG_SYSTEM_ADMINTOOLS</name>
	<author>Nicholas K. Dionysopoulos</author>
	<authorEmail>nicholas@akeebabackup.com</authorEmail>
	<authorUrl>http://www.akeebabackup.com</authorUrl>
	<copyright>Copyright (c)2010-2019 Nicholas K. Dionysopoulos</copyright>
	<license>GNU General Public License version 3, or later</license>
	<creationDate>2020-03-20</creationDate>
	<version>5.6.0</version>
	<description>PLG_SYSTEM_ADMINTOOLS_XML_DESCRIPTION</description>
	<files>
		<filename plugin="admintools">admintools.php</filename>
		<filename>autoloader.php</filename>
		<filename>.htaccess</filename>
		<filename>web.config</filename>
		<folder>admintools</folder>
		<folder>feature</folder>
		<folder>util</folder>
	</files>

	<scriptfile>script.php</scriptfile>
</extension>
