<?xml version="1.0" encoding="UTF-8"?>
<!--
  ~ @package   admintools
  ~ @copyright Copyright (c)2010-2020 Nicholas K. Dionysopoulos / Akeeba Ltd
  ~ @license   GNU General Public License version 3, or later
  -->

<schema>
	<!-- Metadata -->
	<meta>
		<!-- Supported driver types -->
		<drivers>
			<driver>sqlsrv</driver>
			<driver>sqlazure</driver>
		</drivers>
	</meta>

	<!-- SQL commands to run on installation and update -->
	<sql>
		<!-- Create the #__admintools_acl table if it's missing -->
		<action table="#__admintools_acl" canfail="0">
			<condition type="missing" value=""/>
			<query><![CDATA[
CREATE TABLE [#__admintools_acl] (
	[user_id] [INT] IDENTITY(1,1) NOT NULL,
	[permissions] [TEXT],
	CONSTRAINT [PK_#__admintools_acl] PRIMARY KEY CLUSTERED
	(
		[user_id] ASC
	) WITH (STATISTICS_NORECOMPUTE  = OFF, IGNORE_DUP_KEY = OFF)
)
			]]></query>
		</action>

		<!-- Create the #__admintools_adminiplist table if it's missing -->
		<action table="#__admintools_adminiplist" canfail="0">
			<condition type="missing" value=""/>
			<query><![CDATA[
CREATE TABLE [#__admintools_adminiplist] (
	[id] [INT] IDENTITY(1,1) NOT NULL,
	[ip] [NVARCHAR](255) DEFAULT NULL,
	[description] [NVARCHAR](255) DEFAULT NULL,
	CONSTRAINT [PK_#__admintools_adminiplist] PRIMARY KEY CLUSTERED
	(
		[id] ASC
	) WITH (STATISTICS_NORECOMPUTE  = OFF, IGNORE_DUP_KEY = OFF)
)
			]]></query>
		</action>

		<!-- Create the #__admintools_badwords table if it's missing -->
		<action table="#__admintools_badwords" canfail="0">
			<condition type="missing" value=""/>
			<query><![CDATA[
CREATE TABLE  [#__admintools_badwords] (
	[id] [INT] IDENTITY(1,1) NOT NULL,
	[word] [NVARCHAR](255) DEFAULT NULL,
	CONSTRAINT [PK_#__admintools_badwords] PRIMARY KEY CLUSTERED
	(
		[id] ASC
	) WITH (STATISTICS_NORECOMPUTE  = OFF, IGNORE_DUP_KEY = OFF)
)
			]]></query>
		</action>

		<!-- Create the #__admintools_customperms table if it's missing -->
		<action table="#__admintools_customperms" canfail="0">
			<condition type="missing" value=""/>
			<query><![CDATA[
CREATE TABLE  [#__admintools_customperms] (
	[id] [INT] IDENTITY(1,1) NOT NULL,
	[path] [NVARCHAR](255) NOT NULL,
	[perms] [NVARCHAR](4) DEFAULT '0644',
	CONSTRAINT [PK_#__admintools_customperms] PRIMARY KEY CLUSTERED
	(
		[id] ASC
	) WITH (STATISTICS_NORECOMPUTE  = OFF, IGNORE_DUP_KEY = OFF)
)
			]]></query>
			<query canfail="1"><![CDATA[
CREATE NONCLUSTERED INDEX [idx_path] ON [#__admintools_customperms]
(
	[path] ASC
)WITH (STATISTICS_NORECOMPUTE  = OFF, IGNORE_DUP_KEY = OFF, DROP_EXISTING = OFF, ONLINE = OFF)
			]]></query>
		</action>

		<!-- Create the #__admintools_filescache table if it's missing -->
		<action table="#__admintools_filescache" canfail="0">
			<condition type="missing" value=""/>
			<query><![CDATA[
CREATE TABLE [#__admintools_filescache] (
	[admintools_filescache_id] [INT] IDENTITY(1,1) NOT NULL,
	[path] [NVARCHAR](2048) NOT NULL,
	[filedate] [INT] NOT NULL DEFAULT '0',
	[filesize] [INT] NOT NULL DEFAULT '0',
	[data] TEXT,
	[checksum] [NVARCHAR](32) NOT NULL DEFAULT '',
	CONSTRAINT [PK_#__admintools_filescache] PRIMARY KEY CLUSTERED
	(
		[admintools_filescache_id] ASC
	) WITH (STATISTICS_NORECOMPUTE  = OFF, IGNORE_DUP_KEY = OFF)
)
			]]></query>
		</action>

		<!-- Create the #__admintools_ipautoban table if it's missing -->
		<action table="#__admintools_ipautoban" canfail="0">
			<condition type="missing" value=""/>
			<query><![CDATA[
CREATE TABLE [#__admintools_ipautoban] (
	[ip] [NVARCHAR](255) NOT NULL UNIQUE,
	[reason] [NVARCHAR](255) DEFAULT 'other',
	[until] [DATETIME] NOT NULL DEFAULT ('1900-01-01 00:00:00')
)
			]]></query>
		</action>

		<!-- Create the #__admintools_ipblock table if it's missing -->
		<action table="#__admintools_ipblock" canfail="0">
			<condition type="missing" value=""/>
			<query><![CDATA[
CREATE TABLE [#__admintools_ipblock] (
	[id] [INT] IDENTITY(1,1) NOT NULL,
	[ip] [NVARCHAR](255) DEFAULT NULL,
	[description] [NVARCHAR](255) DEFAULT NULL,
	CONSTRAINT [PK_#__admintools_ipblock] PRIMARY KEY CLUSTERED
	(
		[id] ASC
	) WITH (STATISTICS_NORECOMPUTE  = OFF, IGNORE_DUP_KEY = OFF)
)
			]]></query>
		</action>

		<!-- Create the #__admintools_log table if it's missing -->
		<action table="#__admintools_log" canfail="0">
			<condition type="missing" value=""/>
			<query><![CDATA[
CREATE TABLE  [#__admintools_log] (
	[id] [INT] IDENTITY(1,1) NOT NULL,
	[logdate] [DATETIME] NOT NULL DEFAULT ('1900-01-01 00:00:00'),
	[ip] [NVARCHAR](40) DEFAULT NULL,
	[url] [NVARCHAR](255) DEFAULT NULL,
	[reason] [NVARCHAR](255) DEFAULT 'other',
	[extradata] [TEXT],
	CONSTRAINT [PK_#__admintools_log] PRIMARY KEY CLUSTERED
	(
		[id] ASC
	) WITH (STATISTICS_NORECOMPUTE  = OFF, IGNORE_DUP_KEY = OFF)
)
			]]></query>
		</action>

		<!-- Create the #__admintools_redirects table if it's missing -->
		<action table="#__admintools_redirects" canfail="0">
			<condition type="missing" value=""/>
			<query><![CDATA[
CREATE TABLE [#__admintools_redirects] (
	[id] [INT] IDENTITY(1,1) NOT NULL,
	[source] [NVARCHAR](255) DEFAULT NULL,
	[dest] [NVARCHAR](255) DEFAULT NULL,
	[ordering] [BIGINT] NOT NULL DEFAULT '0',
	[published] [TINYINT] NOT NULL DEFAULT '1',
	[keepurlparams] [TINYINT] NOT NULL DEFAULT '1',
	CONSTRAINT [PK_#__admintools_redirects] PRIMARY KEY CLUSTERED
	(
		[id] ASC
	) WITH (STATISTICS_NORECOMPUTE  = OFF, IGNORE_DUP_KEY = OFF)
)
			]]></query>
		</action>

		<!-- Create the #__admintools_scanalerts table if it's missing -->
		<action table="#__admintools_scanalerts" canfail="0">
			<condition type="missing" value=""/>
			<query><![CDATA[
CREATE TABLE [#__admintools_scanalerts] (
	[admintools_scanalert_id] [INT] IDENTITY(1,1) NOT NULL,
	[path] [NVARCHAR](2048) NOT NULL,
	[scan_id] [BIGINT] NOT NULL DEFAULT '0',
	[diff] [TEXT],
	[threat_score] [INT] NOT NULL DEFAULT '0',
	[acknowledged] [TINYINT] NOT NULL DEFAULT '0',
	CONSTRAINT [PK_#__admintools_scanalerts] PRIMARY KEY CLUSTERED
	(
		[admintools_scanalert_id] ASC
	) WITH (STATISTICS_NORECOMPUTE  = OFF, IGNORE_DUP_KEY = OFF)
)
			]]></query>
		</action>

		<!-- Create the #__admintools_scans table if it's missing -->
		<action table="#__admintools_scans" canfail="0">
			<condition type="missing" value=""/>
			<query><![CDATA[
CREATE TABLE [#__admintools_scans] (
	[id] [BIGINT] IDENTITY(1,1) NOT NULL,
	[description] [NVARCHAR](255) NOT NULL,
	[comment] [NVARCHAR](4000) NULL,
	[backupstart] [DATETIME] NOT NULL DEFAULT ('1900-01-01 00:00:00'),
	[backupend] [DATETIME] NOT NULL DEFAULT ('1900-01-01 00:00:00'),
	[status] [NVARCHAR](8) NOT NULL DEFAULT ('run'),
	[origin] [NVARCHAR](30) NOT NULL DEFAULT ('backend'),
	[type] [NVARCHAR](30) NOT NULL DEFAULT ('full'),
	[profile_id] [BIGINT] NOT NULL DEFAULT ('1'),
	[archivename] [NVARCHAR](4000),
	[absolute_path] [NVARCHAR](4000),
	[multipart] [INT] NOT NULL DEFAULT ('0'),
	[tag] [NVARCHAR](255) NULL,
	[backupid] [NVARCHAR](255) DEFAULT NULL,
	[filesexist] [TINYINT] NOT NULL DEFAULT ('1'),
	[remote_filename] [NVARCHAR](1000) NULL,
	[total_size] [BIGINT] NOT NULL DEFAULT ('0'),
	CONSTRAINT [PK_#__admintools_scans] PRIMARY KEY CLUSTERED
	(
		[id] ASC
	) WITH (STATISTICS_NORECOMPUTE  = OFF, IGNORE_DUP_KEY = OFF)
)            ]]></query>
			<query canfail="1"><![CDATA[
CREATE NONCLUSTERED INDEX [idx_fullstatus] ON [#__admintools_scans]
(
	[filesexist] ASC,
	[status] ASC
)WITH (STATISTICS_NORECOMPUTE  = OFF, IGNORE_DUP_KEY = OFF, DROP_EXISTING = OFF, ONLINE = OFF)
			]]></query>
			<query canfail="1"><![CDATA[
CREATE NONCLUSTERED INDEX [idx_stale] ON [#__admintools_scans]
(
	[status] ASC,
	[origin] ASC
)WITH (STATISTICS_NORECOMPUTE  = OFF, IGNORE_DUP_KEY = OFF, DROP_EXISTING = OFF, ONLINE = OFF)
			]]></query>
		</action>

		<!-- Create the #__admintools_storage table if it's missing -->
		<action table="#__admintools_storage" canfail="0">
			<condition type="missing" value=""/>
			<query><![CDATA[
CREATE TABLE [#__admintools_storage] (
	[key] [NVARCHAR](255) NOT NULL,
	[value] [TEXT] NOT NULL,
	CONSTRAINT [PK_#__admintools_storage] PRIMARY KEY CLUSTERED
	(
		[key] ASC
	) WITH (STATISTICS_NORECOMPUTE  = OFF, IGNORE_DUP_KEY = OFF)
)
			]]></query>
		</action>

		<!-- Create the #__admintools_wafexceptions table if it's missing -->
		<action table="#__admintools_wafexceptions" canfail="0">
			<condition type="missing" value=""/>
			<query><![CDATA[
CREATE TABLE [#__admintools_wafexceptions] (
	[id] [INT] IDENTITY(1,1) NOT NULL,
	[option] [NVARCHAR](255) DEFAULT NULL,
	[view] [NVARCHAR](255) DEFAULT NULL,
	[query] [NVARCHAR](255) DEFAULT NULL,
	CONSTRAINT [PK_#__admintools_wafexceptions] PRIMARY KEY CLUSTERED
	(
		[id] ASC
	) WITH (STATISTICS_NORECOMPUTE  = OFF, IGNORE_DUP_KEY = OFF)
)
			]]></query>
		</action>

		<action table="#__admintools_wafblacklists" canfail="0">
			<condition type="missing" value=""/>
			<query><![CDATA[
CREATE TABLE [#__admintools_wafblacklists] (
	[id] [INT] IDENTITY(1,1) NOT NULL,
	[option] [NVARCHAR](255) NOT NULL,
	[view] [NVARCHAR](255) NOT NULL,
	[task] [NVARCHAR](255) NOT NULL,
	[query] [NVARCHAR](255) NOT NULL,
	[query_type] [NVARCHAR](1) NOT NULL,
	[query_content] [NVARCHAR](255) NOT NULL,
	[verb] [NVARCHAR](6) NOT NULL,
	[enabled] TINYINT NOT NULL DEFAULT 1,
	CONSTRAINT [PK_#__admintools_wafblacklists] PRIMARY KEY CLUSTERED
	(
		[id] ASC
	) WITH (STATISTICS_NORECOMPUTE  = OFF, IGNORE_DUP_KEY = OFF)
)
			]]></query>
		</action>

		<!-- Create the #__admintools_profiles table if it's missing -->
		<action table="#__admintools_profiles" canfail="0">
			<condition type="missing" value=""/>
			<query><![CDATA[
CREATE TABLE [#__admintools_profiles] (
	[id] [INT] IDENTITY(1,1) NOT NULL,
	[description] [NVARCHAR](255) NOT NULL,
	[configuration] TEXT NULL,
	[filters] TEXT NULL,
	CONSTRAINT [PK_#__admintools_profiles] PRIMARY KEY CLUSTERED
	(
		[id] ASC
	) WITH (STATISTICS_NORECOMPUTE  = OFF, IGNORE_DUP_KEY = OFF)
)
			]]></query>
		</action>

		<!-- Insert into #__admintools_profiles if id=1 is not there -->
		<action table="#__admintools_profiles" canfail="1">
			<condition type="equals" operator="not" value="1"><![CDATA[
SELECT COUNT(*) FROM #__admintools_profiles WHERE id = 1
			]]></condition>

			<!-- SQL Server does not allow an explicit value for an auto increment field -->
			<query><![CDATA[
INSERT INTO #__admintools_profiles (description, configuration, filters)
SELECT 'Default PHP Change Scanner Profile', '', ''
			]]></query>
		</action>

		<action table="#__admintools_waftemplates" canfail="0">
			<condition type="missing" value=""/>
			<query><![CDATA[
CREATE TABLE [#__admintools_waftemplates] (
  [admintools_waftemplate_id] [INT] IDENTITY(1,1) NOT NULL,
  [reason] [NVARCHAR](255) NOT NULL,
  [language] [NVARCHAR](10) NOT NULL DEFAULT '*',
  [subject] [NVARCHAR](255) NOT NULL,
  [template] text NOT NULL,
  [enabled] tinyint NOT NULL DEFAULT 1,
  [email_num] tinyint NOT NULL,
  [email_numfreq] tinyint NOT NULL,
  [email_freq] [NVARCHAR](6) NOT NULL DEFAULT '',
  [created_on] datetime NOT NULL DEFAULT '0000-00-00 00:00:00',
  [created_by] bigint NOT NULL DEFAULT '0',
  [modified_on] [DATETIME] NOT NULL DEFAULT '0000-00-00 00:00:00',
  [modified_by] bigint NOT NULL DEFAULT '0',
  CONSTRAINT [PK_#__admintools_waftemplates] PRIMARY KEY CLUSTERED
	(
		[admintools_waftemplate_id] ASC
	) WITH (STATISTICS_NORECOMPUTE  = OFF, IGNORE_DUP_KEY = OFF)
);
		  ]]></query>
		</action>

		<action table="#__admintools_ipautobanhistory" canfail="0">
		  <condition type="missing" value=""/>
		  <query><![CDATA[
CREATE TABLE [#__admintools_ipautobanhistory] (
  [id] [INT] IDENTITY(1,1) NOT NULL,
  [ip] [NVARCHAR](255) NOT NULL,
  [reason] [NVARCHAR](255) DEFAULT 'other',
  [until] [DATETIME] DEFAULT NULL,
  CONSTRAINT [PK_#__admintools_ipautobanhistory] PRIMARY KEY CLUSTERED
  (
	[id] ASC
  ) WITH (STATISTICS_NORECOMPUTE  = OFF, IGNORE_DUP_KEY = OFF)
);
			]]></query>
		</action>

		<action table="#__admintools_cookies" canfail="0">
		  <condition type="missing" value=""/>
		  <query><![CDATA[
CREATE TABLE [#__admintools_cookies] (
  [series] [NVARCHAR](255) NOT NULL,
  [client_hash] [NVARCHAR](255) NOT NULL,
  [valid_to] [DATETIME] DEFAULT NULL,
  CONSTRAINT [PK_#__admintools_cookies] PRIMARY KEY CLUSTERED
  (
	[series] ASC
  ) WITH (STATISTICS_NORECOMPUTE  = OFF, IGNORE_DUP_KEY = OFF)
);
			]]></query>
		</action>

		<action table="#__admintools_log" canfail="1">
			<condition type="true"/>
			<query><![CDATA[
  CREATE INDEX idx_admintools_log_reason_logdate ON [#__admintools_log] ([reason], [logdate]);
			  ]]></query>
		</action>

		<action table="#__admintools_waftemplates" canfail="1">
			<condition type="equals" value="0"><![CDATA[
SELECT COUNT(*) FROM #__admintools_waftemplates;
			]]></condition>
			<query><![CDATA[
INSERT INTO #__admintools_waftemplates (reason, language, subject, template, enabled, email_num, email_numfreq, email_freq, created_on, created_by, modified_on, modified_by)
VALUES
	('all', '*', 'Security exception on [SITENAME]', '<div style=\"background-color: #e0e0e0; padding: 10px 20px;\">\r\n<div style=\"background-color: #f9f9f9; border-radius: 10px; padding: 5px 10px;\">\r\n<p>Hello,</p>\r\n<p>We would like to notify you that a security exception was detected on your site, [SITENAME], with the following details:</p>\r\n<p>IP Address: [IP] (IP Lookup: [LOOKUP])<br />Reason: [REASON]</p>\r\n<p>If this kind of security exception repeats itself, please log in to your site\'s back-end and add this IP address to your Admin Tools\'s Web Application Firewall feature in order to completely block the misbehaving user.</p>\r\n<p>Best regards,</p>\r\n<p>The [SITENAME] team</p>\r\n</div>\r\n<p style=\"font-size: x-small; color: #667;\">You are receiving this automatic email message because you have a subscription in <em>[SITENAME]</em>. <span style=\"line-height: 1.3em;\">Do not reply to this email, it\'s sent from an unmonitored email address.</span></p>\r\n</div>\r\n<p style=\"text-align: right; font-size: 7pt; color: #ccc;\">Powered by <a style=\"color: #ccf; text-decoration: none;\" href=\"https://www.akeebabackup.com/products/admin-tools.html\">Akeeba AdminTools</a></p>', 1, 5, 1, 'hour', '2014-04-14 14:36:34', 800, '2014-04-14 14:42:38', 800);

			]]></query>
		</action>

		<action table="#__admintools_waftemplates" canfail="1">
			<condition type="equals" value="0"><![CDATA[
SELECT COUNT(*) FROM #__admintools_waftemplates WHERE reason = 'adminloginfail';
			]]></condition>
			<query><![CDATA[
INSERT INTO #__admintools_waftemplates (reason, language, subject, template, enabled, email_num, email_numfreq, email_freq, created_on, created_by, modified_on, modified_by)
VALUES
	('adminloginfail', '*', 'Failed administrator login for user [USER] on [SITENAME]', '<div style=\"background-color: #e0e0e0; padding: 10px 20px;\">\r\n<div style=\"background-color: #f9f9f9; border-radius: 10px; padding: 5px 10px;\">\r\n<p>Hello,</p>\r\n<p>We would like to notify you that user <strong>[USER]</strong> did <strong>not</strong> log in successfully to the administrator back-end area of your site, [SITENAME]. <span style=\"font-size: 12.1599998474121px; line-height: 15.8079996109009px;\">Further information:</span></p>\r\n<p style=\"font-size: 12.1599998474121px; line-height: 15.8079996109009px;\">Username: [USER]<br />IP address: [IP] ([LOOKUP])<br />Country*: [COUNTRY]<br />Continent*: [CONTINENT]<br />Browser User Agent string: [UA]</p>\r\n<p style=\"font-size: 12.1599998474121px; line-height: 15.8079996109009px;\">* Country and continent information availability and accuracy depend on the GeoIP database installed on your site.</p>\r\n<p>If this is expected you need to do nothing about it. If you suspect a hacking attempt, please log in to your site\'s back-end immediately and activate Admin Tools\' Emergency Off-Line mode at once.</p>\r\n<p>Best regards,</p>\r\n<p>The [SITENAME] team</p>\r\n</div>\r\n<p style=\"font-size: x-small; color: #667;\">You are receiving this automatic email message because you are an administrator in <em>[SITENAME]</em>. <span style=\"line-height: 1.3em;\">Do not reply to this email, it\'s sent from an unmonitored email address.</span></p>', 1, 5, 1, 'hour', '2015-07-27 13:52:45', 800, '2015-07-27 13:58:31', 800),
	('adminloginsuccess', '*', 'User [USER] logged in on [SITENAME] administrator area', '<div style=\"background-color: #e0e0e0; padding: 10px 20px;\">\r\n<div style=\"background-color: #f9f9f9; border-radius: 10px; padding: 5px 10px;\">\r\n<p style=\"font-size: 12.1599998474121px; line-height: 15.8079996109009px;\">Hello,</p>\r\n<p>We would like to notify you that user [USER] has just logged in to the administrator back-end area of your site, [SITENAME]. Further information:</p>\r\n<p>Username: [USER]<br />IP address: [IP] ([LOOKUP])<br />Country*: [COUNTRY]<br />Continent*: [CONTINENT]<br />Browser User Agent string: [UA]</p>\r\n<p>* Country and continent information availability and accuracy depend on the GeoIP database installed on your site.</p>\r\n<p>If this is expected you need to do nothing about it. If you suspect a hacking attempt, please log in to your site\'s back-end immediately and activate Admin Tools\' Emergency Off-Line mode at once.</p>\r\n<p style=\"font-size: 12.1599998474121px; line-height: 15.8079996109009px;\">Best regards,</p>\r\n<p style=\"font-size: 12.1599998474121px; line-height: 15.8079996109009px;\">The [SITENAME] team</p>\r\n</div>\r\n<p style=\"font-size: x-small; color: #667;\">You are receiving this automatic email message because you are an administrator in <em>[SITENAME]</em>. <span style=\"line-height: 1.3em;\">Do not reply to this email, it\'s sent from an unmonitored email address.</span></p>', 1, 5, 1, 'hour', '2015-07-27 13:58:08', 800, '0000-00-00 00:00:00', 0),
	('ipautoban', '*', 'Automatic IP blocking notification for [IP] on [SITENAME]', '<div style=\"background-color: #e0e0e0; padding: 10px 20px;\">\r\n<div style=\"background-color: #f9f9f9; border-radius: 10px; padding: 5px 10px;\">\r\n<p style=\"font-size: 12.1599998474121px; line-height: 15.8079996109009px;\">Hello,</p>\r\n<p>We would like to notify you that the IP address [IP] is now blocked from accessing your site, [SITENAME]<span style=\"font-size: 12.1599998474121px; line-height: 15.8079996109009px;\">, with the following details:</span></p>\r\n<p style=\"font-size: 12.1599998474121px; line-height: 15.8079996109009px;\">IP Address: [IP] (IP Lookup: [LOOKUP])<br />Reason: [REASON]<br />Banned until: [UNTIL]</p>\r\n<p>If this is your own IP address and you can no longer access your site please <a href=\"http://akee.ba/lockedout\">follow our instructions</a> to temporarily disable Admin Tools\' Web Application Firewall and clear the automatic IP ban.</p>\r\n<p style=\"font-size: 12.1599998474121px; line-height: 15.8079996109009px;\">Best regards,</p>\r\n<p style=\"font-size: 12.1599998474121px; line-height: 15.8079996109009px;\">The [SITENAME] team</p>\r\n</div>\r\n<p style=\"font-size: x-small; color: #667;\">You are receiving this automatic email message because you are an administrator in <em>[SITENAME]</em>. <span style=\"line-height: 1.3em;\">Do not reply to this email, it\'s sent from an unmonitored email address.</span></p>', 1, 5, 1, 'hour', '2015-07-27 14:20:00', 800, '0000-00-00 00:00:00', 0);
			]]></query>
		</action>

		<!-- WAF Blacklist rule: Joomla! SQLi vulnerability, October 2015 -->
		<action table="#__admintools_wafblacklists" canfail="1">
			<condition type="equals" operator="not" value="1"><![CDATA[
SELECT COUNT(*) FROM #__admintools_wafblacklists WHERE option = '' AND view='' AND task=''
AND query='list[select]' AND query_type='E' AND verb='';
			]]></condition>
			<query><![CDATA[
INSERT INTO #__admintools_wafblacklists
(option, view, task, query, query_type, query_content, verb, enabled)
VALUES ('', '', '', 'list[select]', 'E', '!#^[\\p{L}\\d,\\s]+$#iu', '', 1);
			]]></query>
		</action>

		<!-- WAF Blacklist rule: Joomla! user registration vulnerability, October 2016 -->
		<action table="#__admintools_wafblacklists" canfail="1">
			<condition type="equals" operator="not" value="1"><![CDATA[
SELECT COUNT(*) FROM #__admintools_wafblacklists WHERE option = 'com_users' AND view='' AND task=''
AND query='user[groups]' AND query_type='P' AND query_content='' AND
verb='';
			]]></condition>
			<query><![CDATA[
INSERT INTO #__admintools_wafblacklists
(option, view, task, query, query_type, query_content, verb, enabled)
VALUES ('com_users', '', '', 'user[groups]', 'P', '', '', 1);
			]]></query>
		</action>

		<!-- WAF Email Template for Configuration Monitor -->
		<action table="#__admintools_waftemplates" canfail="1">
			<condition type="equals" value="0"><![CDATA[
SELECT COUNT(*) FROM #__admintools_waftemplates WHERE reason = 'configmonitor';
			]]></condition>
			<query><![CDATA[
INSERT INTO #__admintools_waftemplates
(reason, language, subject, template, enabled, email_num, email_numfreq, email_freq, created_on, created_by, modified_on, modified_by)
VALUES('configmonitor', '*', 'Configuration options for [AREA] modified on [SITENAME]', '<div style="background-color: #e0e0e0; padding: 10px 20px;">
<div style="background-color: #f9f9f9; border-radius: 10px; padding: 5px 10px;">
<p>Hello,</p>
<p>We would like to notify you that the configuration options for [AREA] on your site, [SITENAME], have been modified by user [USER]. More details about the origin of this change as follows:</p>
<p>IP Address: [IP] (IP Lookup: [LOOKUP])<br />User Agent: [UA]</p>
<p>If this change was not made by you or an administrator user you trust please review your site immediately as this would be an indication of hacking activity.</p>
<p>Best regards,</p>
<p>The [SITENAME] team</p>
</div>
<p style="font-size: x-small; color: #667;">You are receiving this automatic email message because you have a subscription in <em>[SITENAME]</em>. <span style="line-height: 1.3em;">Do not reply to this email, it''s sent from an unmonitored email address.</span></p>
</div>', 1, 0, 0, '', '2016-12-15 10:46:00', 800, '2016-12-15 10:46:00', 800);
			]]></query>
		</action>

		<!-- WAF Email Template for Rescue URL -->
		<action table="#__admintools_waftemplates" canfail="1">
			<condition type="equals" value="0"><![CDATA[
SELECT COUNT(*) FROM #__admintools_waftemplates WHERE reason = 'rescueurl';
			]]></condition>
			<query><![CDATA[
INSERT INTO `#__admintools_waftemplates`
(reason, language, subject, template, enabled, email_num, email_numfreq, email_freq, created_on, created_by, modified_on, modified_by)
VALUES('rescueurl', '*', 'Rescue URL requested on [SITENAME] for [USER]', '<div style="background-color: #e0e0e0; padding: 10px 20px;">
<div style="background-color: #f9f9f9; border-radius: 10px; padding: 5px 10px;">
<p>Hello,</p>
<p>We would like to notify you that user [USER] has requested a Rescue URL for your site, [SITENAME]. If you made that request yourself please click on the following link, or copy and paste the URL to your browser. This will let you log in to the administrator backend of your site where you can modify unblock yourself and / or change Admin Tools'' configuration. The Rescue URL is:</p>
<p><a href="[RESCUEURL]" rel="alternate">[RESCUEURL]</a></p>
<p>The information towards the end of this email lets you know what to do once you are logged into your site''s backend.</p>
<h3>I have no idea why I''m receiving this email</h3>
<p>Look under "What is the Rescue URL" further down. You <strong>DO NOT</strong> need to take any action and you <strong>DO NOT</strong> need to worry.</p>
<h3>Who requested the Rescue URL?</h3>
<p>Username: [USER]<br />IP Address: [IP] ([LOOKUP])</a><br />Country: [COUNTRY]<br />Continent: [CONTINENT]<br />User Agent: [UA]</p>
<p> </p>
<h3>What is the Rescue URL?</h3>
<p>Sometimes an overzealous Admin Tools configuration can result in accidentally blocking you, a Super User from the site. Normally that would require you to rename the file of Admin Tools'' system plugin to unblock yourself. This is a bit complicated and susceptible to errors.</p>
<p>The Rescue URL feature works around that. By accessing a special URL when you are blocked out of the site you are sent this email. The URL in this email is only valid for the same browser and IP address that made the request and only for a limited amount of time. Accessing it will get you to a <em>temporarily</em> unblocked administrator login page. This lets you access the administrator backend of your site to unblock yourself and / or modify Admin Tools settings.</p>
<p>By default, this feature is enabled on all installations of Admin Tools. Moreover, a message about accessing the Rescue URL is displayed by default when someone gets blocked UNLESS you set up a "Custom message" in the Configure WAF page of Admin Tools. If you have no idea why you received this message it''s probably because someone saw the default IP blocked message and guessed your Super User email correctly. Don''t worry though, what they did is completely useless since they would also need access to your email account and your Super User password to access your site, i.e. they would need to have already hacked you. As it''s already documented, we strongly recommend that you change the "Custom message" to make it less obvious that your site is protected by Admin Tools. If you do not wish to use the Rescue URL feature -and are OK manually renaming files per the documentation when you get blocked- go to Extensions, Plugins and edit the options of the Admin Tools system plugin. You''ll see an option for Rescue URL. Set it to No to disable this feature.</p>
<h3>What to do after logging in?</h3>
<p>If your IP is blocked by Admin Tools go to Components, Admin Tools and click the big Unblock My IP button at the top of the page.</p>
<p>If you keep getting your IP blocked without you doing anything suspicious to the best of your knowledge, the IP blocked is always the same but different than the one reported by <a href="http://www.ip-adress.eu/">http://www.ip-adress.eu/ </a><em>and</em> <a href="https://www.whatismyip.com/">https://www.whatismyip.com/</a> then your site might be behind a CDN or a reverse proxy. In this case, additionally to the instructions above, please go to Components, Admin Tools, Web Application Firewall, Configure WAF, click on the Basic Protection Features tab. Set the "Enable IP workarounds" option to Yes - no matter what the automatically detected recommendation is.</p>
<p>If, however, your real IP address as reported by the two tool listed above keeps getting banned you should troubleshoot the reason of the ban. Go to Components, Admin Tools, Web Application Firewall, Security Exceptions Log and check the Reason and Target URL for the entries which have your IP address in the IP address field. If you are not sure what that means, please <a href="https://www.akeebabackup.com/support/admin-tools.html" rel="alternate">file a support ticket</a> remembering to copy the information from the Security Exceptions Log. Kindly note that you need to have an active subscription to receive support.</p>
<p>If you have forgotten your Administrator Secret URL parameter go to Components, Admin Tools, Web Application Firewall, Configure WAF, click on the Basic Protection Features tab and find the "Administrator secret URL parameter" option. Change or remove all of the text in that box to reset or unset, respectively, this feature.</p>
<h3>What to do if I still cannot log in to my site?</h3>
<p>There are two cases where the Rescue URL feature, or renaming the Admin Tools system plugin''s file, will not help you. These are the two cases where Admin Tools has created a <em>server</em> configuration file, meaning that you are blocked by <em>your server</em>, not Admin Tools.</p>
<p>The first is the <strong>Administrator password protection</strong> feature. Please delete the files named <code>.htaccess</code> and <code>.htpasswd</code> from your site''s <code>administrator</code> directory. </p>
<p>The other case is when you''ve used the <strong>.htaccess Maker</strong> feature of Admin Tools. In this case there''s a <code>.htaccess</code> file in your site''s root. You may want to replace its contents with the <a href="https://raw.githubusercontent.com/joomla/joomla-cms/staging/htaccess.txt" rel="alternate">default Joomla! .htaccess file content</a>.</p>
<p>In both cases you should not that the files have names beginning with a dot. That makes them <em>hidden</em>. You will need to enable the display of hidden files to edit / delete those files. If you are unsure how to do that please ask your host and tell them that you need to edit/delete <em>hidden</em> files. Usually they will point out an option in their hosting control panel''s file manager. </p>
<p>In any other case your issue is unrelated to Admin Tools. Do you have another security plugin on your site? If you do, check its settings. If not, check with your host. More often than not hosts have their own server security systems which can block you out of your site.</p>
</div>
</div>', 1, 1, 1, 'minute', '2017-06-20 09:50:00', 800, '2017-06-20 09:50:00', 800);
			]]></query>
		</action>

		<action table="#__admintools_scans" canfail="1">
			<condition type="index" value="idx_fullstatus" />
			<query><![CDATA[
ALTER TABLE [#__admintools_scans] DROP CONSTRAINT [idx_fullstatus];
			]]></query>
		</action>

		<action table="#__admintools_scans" canfail="0">
			<condition type="missing" operator="not" value="description"/>
			<query><![CDATA[
ALTER TABLE [#__admintools_scans] DROP COLUMN [description];
			]]></query>
			<query><![CDATA[
ALTER TABLE [#__admintools_scans] DROP COLUMN [type];
			]]></query>
			<query><![CDATA[
ALTER TABLE [#__admintools_scans] DROP COLUMN [profile_id];
			]]></query>
			<query><![CDATA[
ALTER TABLE [#__admintools_scans] DROP COLUMN [archivename];
			]]></query>
			<query><![CDATA[
ALTER TABLE [#__admintools_scans] DROP COLUMN [absolute_path];
			]]></query>
			<query><![CDATA[
ALTER TABLE [#__admintools_scans] DROP COLUMN [tag];
			]]></query>
			<query><![CDATA[
ALTER TABLE [#__admintools_scans] DROP COLUMN [backupid];
			]]></query>
			<query><![CDATA[
ALTER TABLE [#__admintools_scans] DROP COLUMN [filesexist];
			]]></query>
			<query><![CDATA[
ALTER TABLE [#__admintools_scans] DROP COLUMN [remote_filename];
			]]></query>
			<query><![CDATA[
ALTER TABLE [#__admintools_scans] DROP COLUMN [total_size];
			]]></query>
		</action>

		<action table="#__admintools_scans" canfail="0">
			<condition type="missing" value="scanstart"/>
			<query><![CDATA[
sp_rename '#__admintools_scans.backupstart', 'scanstart', 'COLUMN';
			]]></query>
			<query><![CDATA[
sp_rename '#__admintools_scans.backupend', 'scanend', 'COLUMN';
			]]></query>
			<query><![CDATA[
sp_rename '#__admintools_scans.multipart', 'totalfiles', 'COLUMN';
			]]></query>
		</action>
	</sql>
</schema>
